basin_id;output;benchmark_kge;benchmark_type;3km_kge;1km_kge;200m_kge;beat_benchmark;ksat_3km;ksat_1km;ksat_200m;3km_nse;1km_nse;200m_nse;best_performance;mean_marrmot
0;TRUE;0.703476133;mean;0.29;0.346;0.351;FALSE;1;1;1;0.185;0.287;0.309;200m;0.286853611
1;TRUE;0.277206738;mean;0.774;0.79;0.771;TRUE;200;90;30;0.719;0.677;0.621;1km;0.677900255
2;TRUE;0.494196799;median;0.582;0.556;0.564;TRUE;1;10;10;0.503;0.424;0.4;3km;0.485717641
3;TRUE;0.295892042;median;0.736;0.709;0.769;TRUE;30;10;10;0.763;0.732;0.718;200m;0.624234241
4;TRUE;0.246806047;median;0.684;0.71;0.499;TRUE;20;10;1;0.737;0.724;0.638;1km;0.649563397
5;FALSE;;;;;;FALSE;;;;;;; ;0.46212788
6;TRUE;0.06669215;mean;0.779;0.726;0.721;TRUE;1;1;1;0.636;0.688;0.712;3km;0.558639106
7;TRUE;0.151489776;median;0.689;0.618;0.654;TRUE;20;1;1;0.653;0.638;0.706;3km;0.55269431
8;TRUE;0.143931259;median;0.495;0.624;0.656;TRUE;90;20;10;0.559;0.633;0.617;200m;0.621729171
9;TRUE;0.057008384;mean;0.357;0.54;0.796;TRUE;250;30;10;0.382;0.597;0.727;200m;0.710761985
10;TRUE;0.20401567;median;0.583;0.617;0.576;TRUE;30;10;10;0.536;0.586;0.549;1km;0.5917975
11;TRUE;0.144024398;median;-0.064;-0.264;-0.412;FALSE;80;30;10;-3.02;-4.816;-5.557;3km;
12;TRUE;0.161768959;median;0.427;0.567;0.582;TRUE;40;20;10;0.457;0.613;0.59;200m;
13;TRUE;0.112961472;mean;0.489;0.69;0.788;TRUE;50;20;10;0.573;0.754;0.768;200m;0.701373716
14;TRUE;-0.082469946;mean;0.479;0.634;0.466;TRUE;10;10;1;0.529;0.592;0.577;1km;0.522857715
15;TRUE;0.192396812;mean;0.684;0.678;0.611;TRUE;10;10;1;0.586;0.58;0.504;3km;0.565723222
16;TRUE;0.210307924;mean;0.479;0.539;0.586;TRUE;20;10;10;0.514;0.55;0.535;200m;0.52207021
17;TRUE;-0.067873124;median;-0.713;-0.658;-1.33;FALSE;30;20;10;-7.751;-6.558;-8.5;1km;0.352098159
18;TRUE;0.215279715;median;0.418;0.378;0.601;TRUE;30;10;10;0.422;0.431;0.522;200m;0.46080875
19;TRUE;0.214447884;median;0.47;0.65;0.32;TRUE;10;10;1;0.586;0.588;0.478;1km;0.510588539
20;TRUE;0.070537311;mean;0.543;0.667;0.642;TRUE;60;20;10;0.428;0.264;0.285;1km;
21;TRUE;0.143401118;mean;0.589;0.579;0.656;TRUE;30;10;10;0.539;0.525;0.611;200m;0.580162131
22;TRUE;0.099999071;median;0.445;0.666;0.688;TRUE;40;20;10;0.447;0.585;0.625;200m;0.571631634
23;TRUE;0.02650503;mean;0.626;0.652;0.579;TRUE;40;20;10;0.559;0.592;0.563;1km;0.634234535
24;TRUE;-0.018673988;mean;0.482;0.598;0.623;TRUE;40;20;10;0.47;0.573;0.603;200m;0.655084978
25;FALSE;;;;;;FALSE;;;;;;; ;0.701250879
26;TRUE;0.102324447;median;-1.16;-1.292;-1.466;FALSE;20;10;10;-11.841;-15.317;-9.58;3km;0.583313073
27;TRUE;-0.001452766;mean;0.733;0.774;0.737;TRUE;20;10;10;0.598;0.665;0.672;1km;0.618565214
28;TRUE;0.010143185;mean;0.7;0.641;0.747;TRUE;60;40;10;0.601;0.582;0.615;200m;0.360931781
29;TRUE;-0.012159473;mean;0.561;0.555;0.625;TRUE;80;30;10;0.538;0.54;0.569;200m;
30;TRUE;-0.080252996;mean;0.71;0.73;0.746;TRUE;40;20;10;0.658;0.671;0.658;200m;0.646932362
31;TRUE;0.166221427;median;0.618;0.827;0.846;TRUE;225;150;50;0.613;0.811;0.809;200m;0.20045454
32;TRUE;-0.079463391;mean;0.634;0.675;0.682;TRUE;60;30;10;0.531;0.533;0.519;200m;0.454470909
33;TRUE;0.02778523;mean;0.417;0.693;0.665;TRUE;50;20;10;0.34;0.59;0.579;1km;0.515914477
34;TRUE;-0.01197034;mean;0.45;0.614;0.634;TRUE;50;30;10;0.43;0.527;0.511;200m;0.537738407
35;TRUE;0.073309945;mean;0.576;0.578;0.482;TRUE;125;50;10;0.62;0.642;0.611;1km;0.590220128
36;TRUE;0.038985867;mean;-19.171;-18.988;-19.162;FALSE;1;1;1;-1010.669;-1111.726;-1125.906;1km;0.550860885
37;TRUE;-0.075701033;mean;0.65;0.742;0.736;TRUE;40;20;10;0.596;0.651;0.642;1km;0.595043443
38;FALSE;;;;;;FALSE;;;;;;; ;0.632067702
39;TRUE;-0.038900692;mean;0.469;0.578;0.569;TRUE;60;40;10;0.561;0.641;0.672;1km;0.671611983
40;TRUE;-0.031352944;median;0.566;0.68;0.678;TRUE;175;90;20;0.611;0.692;0.682;1km;0.658608684
41;TRUE;-0.023319437;median;0.406;0.536;0.619;TRUE;250;250;80;0.546;0.667;0.663;200m;0.720978332
42;TRUE;0.087069145;mean;-20.224;-34.198;-39.374;FALSE;1;1;1;-7387.299;-24420.935;-39624.071;3km;
43;TRUE;-0.076587597;median;-1.653;-1.389;-1.526;FALSE;1;90;40;-21.326;-14.899;-14.537;1km;
44;TRUE;-0.099625432;mean;0.691;0.748;0.808;TRUE;125;60;20;0.724;0.763;0.784;200m;
45;TRUE;-0.05872887;mean;0.162;-0.083;-0.659;TRUE;1;70;1;-1.049;-4.725;-15.068;3km;
46;TRUE;0.109296819;median;0.731;0.493;0.716;TRUE;1000;10000;250;0.563;0.29;0.396;3km;0.612681713
47;TRUE;-0.067927521;median;0.545;0.725;0.774;TRUE;500;250;90;0.471;0.61;0.668;200m;0.623212268
48;TRUE;0.090521227;mean;0.504;0.524;0.604;TRUE;125;50;20;0.602;0.607;0.62;200m;0.584903724
49;TRUE;0.038122979;mean;0.36;0.547;0.756;TRUE;100;50;10;0.414;0.579;0.663;200m;0.401425684
50;FALSE;;;;;;FALSE;;;;;;; ;0.569250935
51;TRUE;0.023916793;mean;0.666;0.735;0.747;TRUE;70;40;10;0.647;0.729;0.773;200m;0.520213615
52;TRUE;0.051962524;mean;0.573;0.593;0.548;TRUE;90;40;10;0.694;0.743;0.725;1km;0.699530369
53;FALSE;;;;;;FALSE;;;;;;; ;0.639402454
54;TRUE;0.169222855;mean;0.707;0.751;0.677;TRUE;40;20;10;0.675;0.692;0.645;1km;0.680108963
55;TRUE;0.213452779;mean;0.724;0.745;0.725;TRUE;70;30;10;0.693;0.71;0.681;1km;0.684534954
56;TRUE;0.195408709;mean;0.639;0.659;0.622;TRUE;60;30;10;0.636;0.626;0.555;1km;0.587381942
57;FALSE;;;;;;FALSE;;;;;;; ;0.535962343
58;TRUE;0.021459483;mean;0.593;0.646;0.62;TRUE;50;20;10;0.572;0.595;0.555;1km;0.645999263
59;TRUE;0.250288525;mean;0.543;0.596;0.578;TRUE;70;40;10;0.633;0.644;0.635;1km;0.589507521
60;TRUE;0.054560655;mean;0.46;0.611;0.697;TRUE;50;30;10;0.543;0.666;0.695;200m;0.429598437
61;TRUE;0.039735804;mean;0.551;0.623;0.626;TRUE;80;40;10;0.58;0.65;0.684;200m;0.505800926
62;TRUE;;median;0.353;0.219;0.156;FALSE;1;1;1;0.694;0.672;0.653;3km;0.633019366
63;TRUE;;median;0.184;0.126;0.056;FALSE;1;1;1;0.542;0.048;-0.608;3km;0.670584505
64;TRUE;0.154490039;mean;0.457;0.593;0.618;TRUE;100;50;20;0.444;0.562;0.553;200m;0.636219132
65;TRUE;;median;0.044;-2.273;-2.419;FALSE;1;1;1;0.281;-46.299;-54.347;3km;0.471890943
66;TRUE;-0.058486051;mean;0.543;0.556;0.571;TRUE;125;80;30;0.55;0.573;0.579;200m;0.652653527
67;TRUE;-0.0765782;mean;0.627;0.637;0.79;TRUE;500;250;100;0.384;0.479;0.63;200m;0.42128474
68;TRUE;-0.134038886;mean;0.624;0.708;0.714;TRUE;750;500;150;0.437;0.533;0.55;200m;0.395103743
69;TRUE;-0.020031906;mean;0.601;0.674;0.724;TRUE;500;200;60;0.42;0.406;0.485;200m;0.422713951
70;TRUE;-0.129188532;mean;-0.124;-0.636;-0.704;TRUE;225;125;40;-4.644;-9.776;-8.591;3km;0.504519121
71;TRUE;0.257019609;median;-8.021;-12.14;-13.69;FALSE;1;1;1;-253.213;-579.165;-805.412;3km;0.618576301
72;TRUE;0.149955664;mean;0.557;0.678;0.672;TRUE;80;50;10;0.593;0.684;0.645;1km;0.619106649
73;TRUE;0.084222366;mean;0.701;0.682;0.667;TRUE;80;60;20;0.596;0.575;0.539;3km;0.589497469
74;TRUE;0.154858192;mean;0.505;0.503;0.473;TRUE;50;30;10;0.466;0.444;0.405;3km;0.592649219
75;TRUE;0.051986519;median;-2.571;-2.803;-2.971;FALSE;1;1;1;-41.226;-54.754;-69.377;3km;0.560810691
76;TRUE;0.024015843;mean;0.215;0.08;-0.164;TRUE;20;10;1;-1.439;-1.753;-5.584;3km;
77;TRUE;-0.209882853;mean;0.494;0.533;0.48;TRUE;30;20;10;0.464;0.498;0.453;1km;0.3893533
78;TRUE;0.018974068;mean;0.602;0.579;0.624;TRUE;750;500;175;0.234;0.1;0.146;200m;0.519423673
79;TRUE;-0.025270361;mean;0.479;0.512;0.493;TRUE;125;90;30;0.438;0.474;0.469;1km;0.396646392
80;TRUE;-0.076354825;mean;0.586;0.675;0.712;TRUE;200;125;40;0.533;0.625;0.661;200m;0.571370771
81;TRUE;-0.053942748;mean;0.766;0.775;0.817;TRUE;750;250;70;0.606;0.591;0.658;200m;0.540672543
82;FALSE;;;;;;FALSE;;;;;;; ;0.592087693
83;TRUE;-0.158257986;mean;-0.758;-1.535;-1.988;FALSE;1;1;1;-5.198;-11.856;-16.895;3km;
84;TRUE;0.013243225;mean;0.602;0.681;0.685;TRUE;500;225;70;0.592;0.665;0.668;200m;0.504389446
85;TRUE;-0.035885338;mean;0.597;0.636;0.669;TRUE;200;125;40;0.495;0.556;0.613;200m;0.353287443
86;TRUE;-0.038581671;mean;0.68;0.701;0.719;TRUE;250;250;70;0.581;0.632;0.661;200m;0.42002294
87;TRUE;-0.1326166;mean;0.648;0.689;0.704;TRUE;250;150;60;0.549;0.612;0.643;200m;0.549135041
88;TRUE;-0.045674697;median;0.772;0.738;0.691;TRUE;250;125;40;0.586;0.448;0.309;3km;0.532673865
89;TRUE;0.107395337;mean;0.732;0.801;0.814;TRUE;70;50;20;0.719;0.723;0.7;200m;0.610750671
90;TRUE;0.048489555;mean;0.658;0.705;0.654;TRUE;30;20;10;0.692;0.705;0.643;1km;
91;TRUE;-0.00135888;mean;0.651;0.654;0.504;TRUE;60;30;10;0.622;0.648;0.525;1km;0.562905153
92;TRUE;0.073798421;mean;0.583;0.604;0.594;TRUE;70;50;20;0.566;0.581;0.549;1km;0.626943026
93;TRUE;-0.371284362;mean;0.474;0.52;0.517;TRUE;100;90;30;0.443;0.499;0.491;1km;0.620137017
94;TRUE;0.038946386;mean;0.578;0.583;0.598;TRUE;60;40;10;0.565;0.589;0.62;200m;0.667911262
95;TRUE;0.124699203;mean;0.507;0.517;0.518;TRUE;100;60;20;0.474;0.497;0.496;200m;0.580234758
96;TRUE;0.049247203;mean;0.551;0.566;0.565;TRUE;90;70;20;0.537;0.552;0.564;1km;0.615438554
97;TRUE;-0.384232249;mean;0.458;0.558;0.632;TRUE;30;20;10;0.539;0.562;0.572;200m;0.545731807
98;TRUE;0.108226713;median;0.556;0.459;0.572;TRUE;40;20;10;0.502;0.438;0.46;200m;0.200842084
99;TRUE;-0.367765859;mean;0.473;0.544;0.579;TRUE;150;100;30;0.41;0.485;0.518;200m;0.421515121
100;TRUE;-0.115545042;mean;0.46;0.449;0.251;TRUE;500;500;80;0.311;0.371;-0.103;3km;0.423696687
101;TRUE;-0.016965354;mean;0.688;0.657;0.618;TRUE;250;225;70;0.309;0.335;0.326;3km;0.642254663
102;TRUE;-0.269859342;mean;0.565;0.532;0.554;TRUE;1;20;10;0.251;-0.171;-0.189;3km;0.478216211
103;FALSE;;;;;;FALSE;;;;;;; ;0.641961596
104;TRUE;-0.178119583;median;0.606;0.423;0.4;TRUE;1000;750;250;0.729;0.677;0.569;3km;0.668763552
105;TRUE;-0.085777819;mean;0.751;0.788;0.81;TRUE;60;40;10;0.678;0.715;0.701;200m;0.589076549
106;TRUE;-0.108588118;mean;0.096;0.166;0.324;TRUE;1000;1000;500;0.075;0.07;0.288;200m;0.547732117
107;TRUE;-0.097052138;mean;0.738;0.712;0.81;TRUE;250;125;40;0.629;0.682;0.705;200m;0.579681643
108;TRUE;-0.069611877;mean;0.642;0.683;0.73;TRUE;125;100;30;0.395;0.426;0.501;200m;0.437435411
109;TRUE;-0.055554995;mean;0.643;0.688;0.73;TRUE;500;250;90;0.206;0.278;0.441;200m;-0.060029454
110;TRUE;-0.085468938;mean;0.581;0.559;0.615;TRUE;750;500;150;0.397;0.449;0.5;200m;0.287688308
111;FALSE;;;;;;FALSE;;;;;;; ;0.560599174
112;TRUE;-0.108839371;mean;0.617;0.701;0.714;TRUE;500;250;80;0.361;0.377;0.46;200m;0.550855923
113;TRUE;-0.121560452;mean;0.571;0.646;0.685;TRUE;500;225;60;0.331;0.322;0.415;200m;0.530302938
114;TRUE;-0.133463424;mean;0.685;0.758;0.745;TRUE;1;1;1;0.554;0.533;0.515;1km;0.513342239
115;FALSE;;;;;;FALSE;;;;;;; ;0.64924926
116;FALSE;;;;;;FALSE;;;;;;; ;0.577779206
117;TRUE;-0.09798563;mean;0.745;0.549;0.333;TRUE;1000;1000;750;0.605;0.508;0.488;3km;
118;TRUE;-0.118596808;mean;0.663;0.532;0.395;TRUE;1;40;10;0.321;-0.019;-0.477;3km;0.422774404
119;TRUE;-0.186751665;mean;-2.209;-2.668;-2.55;FALSE;125;100;60;-78.963;-99.259;-75.83;3km;0.409677636
120;TRUE;-0.05753708;median;0.534;0.555;0.5;TRUE;1000;1000;1000;-0.182;-0.169;0.229;1km;0.653407
121;FALSE;;;;;;FALSE;;;;;;; ;0.479808784
122;TRUE;-0.102950568;mean;0.709;0.76;0.774;TRUE;200;150;40;0.574;0.597;0.622;200m;0.460650182
123;TRUE;-0.207641376;mean;0.665;0.696;0.733;TRUE;200;125;40;0.568;0.598;0.633;200m;0.451256141
124;TRUE;-0.112050809;mean;0.644;0.653;0.67;TRUE;500;250;100;0.494;0.534;0.535;200m;0.494317179
125;TRUE;-0.123352893;mean;0.687;0.77;0.788;TRUE;250;200;60;0.426;0.547;0.585;200m;0.560345639
126;TRUE;-0.027465502;mean;0.42;0.567;0.666;TRUE;1;1;1;0.338;0.284;0.368;200m;0.581117046
127;TRUE;-0.135462596;mean;0.575;0.512;0.44;TRUE;1;1;1;-0.032;-0.361;-0.664;3km;0.51869328
128;TRUE;-0.145653949;mean;0.654;0.697;0.541;TRUE;80;50;10;0.683;0.71;0.69;1km;0.654185455
129;TRUE;-0.151891005;mean;0.591;0.661;0.654;TRUE;125;70;20;0.54;0.609;0.597;1km;0.675053361
130;FALSE;;;;;;FALSE;;;;;;; ;0.628751694
131;TRUE;-0.087334416;mean;0.662;0.638;0.749;TRUE;70;70;20;0.623;0.611;0.64;200m;0.683277787
132;TRUE;-0.095403083;mean;0.728;0.81;0.799;TRUE;150;125;30;0.609;0.64;0.66;1km;0.555456044
133;TRUE;-0.11126344;mean;0.743;0.758;0.74;TRUE;90;60;20;0.539;0.476;0.494;1km;0.551541622
134;TRUE;0.033820105;median;0.797;0.796;0.798;TRUE;150;80;20;0.728;0.739;0.749;200m;0.591192223
135;TRUE;0.085037305;mean;0.696;0.837;0.821;TRUE;80;50;10;0.635;0.677;0.667;1km;0.593622029
136;TRUE;-0.149328918;mean;-0.02;-0.126;-0.131;TRUE;1;1;1;-0.095;-0.418;-0.642;3km;0.358989977
137;TRUE;-0.145729178;mean;-0.19;-0.273;-0.287;FALSE;1;1;1;-0.182;-0.669;-1.059;3km;0.268679987
138;TRUE;-0.04310065;mean;-1.445;-1.697;-1.965;FALSE;1;1;1;-13.4;-19.389;-25.971;3km;0.25828435
139;TRUE;-0.058449514;mean;0.628;0.507;0.357;TRUE;1;1;1;0.085;-0.39;-1.146;3km;0.142567204
140;TRUE;-0.07656104;mean;0.722;0.342;0.296;TRUE;1;1;1;0.565;-0.046;-0.338;3km;0.496789129
141;TRUE;0.021086932;mean;0.455;0.407;0.4;TRUE;50;50;20;-0.577;-0.802;-0.679;3km;0.463866571
142;TRUE;0.016701746;mean;0.732;0.606;0.411;TRUE;20;10;1;0.586;0.119;-0.535;3km;0.27095681
143;TRUE;0.015958185;mean;0.19;0.115;0.07;TRUE;60;80;30;-1.423;-1.634;-1.573;3km;0.503591505
144;TRUE;-0.221429291;mean;0.314;0.197;0.211;TRUE;1;1;1;-0.236;-0.993;-1.433;3km;0.543900519
145;TRUE;0.016132026;mean;0.424;0.626;0.618;TRUE;750;500;150;0.433;0.589;0.548;1km;
146;FALSE;;;;;;FALSE;;;;;;; ;
147;TRUE;-0.200006584;mean;0.774;0.64;0.402;TRUE;30;10;1;0.525;0.266;-0.231;3km;0.620312361
148;TRUE;-0.224797658;mean;0.692;0.485;0.526;TRUE;20;20;1;0.767;0.675;0.146;3km;0.489249084
149;TRUE;0.175527073;mean;0.67;0.607;0.512;TRUE;100;60;20;0.476;0.354;0.235;3km;0.713646864
150;TRUE;0.26319779;mean;0.341;0.239;0.122;TRUE;10;1;1;0.061;-1.234;-2.486;3km;
151;FALSE;;;;;;FALSE;;;;;;; ;0.635960236
152;TRUE;0.267557435;mean;0.655;0.648;0.579;TRUE;500;225;60;0.62;0.493;0.357;3km;
153;TRUE;0.144852741;mean;0.677;0.711;0.656;TRUE;90;50;10;0.579;0.535;0.3;1km;0.641258409
154;TRUE;0.037013681;mean;0.724;0.712;0.554;TRUE;1;10;1;0.612;0.57;0.37;3km;0.678379654
155;TRUE;-0.049909408;mean;0.363;0.289;0.372;TRUE;30;10;1;0.452;0.432;0.577;200m;
156;FALSE;;;;;;FALSE;;;;;;; ;
157;TRUE;-0.2836827;mean;-1.013;-1.749;-1.23;FALSE;80;40;20;-9.297;-15.829;-5.456;3km;
158;TRUE;-0.007839349;mean;-0.064;-0.248;-0.31;FALSE;1;1;1;-4.941;-7.697;-8.597;3km;
159;TRUE;-0.280021043;median;0.036;-0.119;-0.208;TRUE;1;1;1;-3.612;-5.715;-6.983;3km;0.486711022
160;TRUE;-0.074503274;mean;-2.364;-2.795;-2.919;FALSE;1;1;1;-49.422;-72.6;-89.66;3km;
161;TRUE;-0.130669468;mean;0.799;0.741;0.703;TRUE;90;60;20;0.708;0.472;0.353;3km;
;;;;;;;;;;;;;;;0.684932674
162;TRUE;-0.04681526;mean;0.568;0.222;0.082;TRUE;100;40;10;-0.074;-1.66;-2.783;3km;0.338167996
163;TRUE;0.123114539;mean;0.278;0.231;0.209;TRUE;250;150;50;-0.865;-0.98;-1.003;3km;0.458363561
164;TRUE;-0.01666463;mean;0.519;0.452;0.438;TRUE;150;80;20;0.175;-0.014;-0.172;3km;0.391016984
165;TRUE;-0.051886584;mean;0.476;0.402;0.358;TRUE;125;70;20;0.414;0.17;0.057;3km;0.567516364
166;TRUE;-0.08457341;mean;0.717;0.699;0.656;TRUE;500;250;70;0.648;0.63;0.58;3km;
167;TRUE;0.076470527;mean;0.329;0.284;0.261;TRUE;225;150;40;-0.128;-0.161;-0.242;3km;0.637000404
168;TRUE;0.091390734;mean;0.368;0.341;0.3;TRUE;175;100;30;-0.357;-0.507;-0.58;3km;0.546048697
169;TRUE;-0.055415396;mean;0.587;0.441;0.464;TRUE;1000;1000;250;0.185;0.022;-0.039;3km;0.621191571
170;TRUE;-0.087213637;mean;-3.321;-4.308;-5.003;FALSE;1;1;1;-56.185;-94.233;-137.388;3km;
171;TRUE;-0.020955802;mean;-1.978;-2.371;-2.428;FALSE;20;20;1;-20.925;-29.518;-37.611;3km;
172;FALSE;;;;;;FALSE;;;;;;; ;0.578256211
173;TRUE;0.025659913;mean;0.696;0.654;0.649;TRUE;500;250;100;0.46;0.408;0.542;3km;0.60359337
174;TRUE;0.041380705;mean;0.668;0.645;0.646;TRUE;500;500;100;0.312;0.473;0.415;3km;0.538505831
175;TRUE;0.083639187;mean;0.643;0.551;0.573;TRUE;500;250;100;0.247;0.029;0.251;3km;
176;TRUE;-0.051866121;mean;0.759;0.645;0.603;TRUE;125;80;30;0.613;0.482;0.518;3km;0.684738835
177;TRUE;-0.042676668;mean;0.208;0.398;0.654;TRUE;100000;10000;500;0.066;0.285;0.334;200m;0.626478728
178;TRUE;0.104838777;mean;-0.353;0.408;0.512;TRUE;1;10000;500;-0.476;0.128;-0.359;200m;
179;TRUE;-0.015293089;mean;0.73;0.839;0.875;TRUE;175;125;40;0.681;0.7;0.757;200m;0.785929692
180;FALSE;;;;;;FALSE;;;;;;; ;0.750389698
;;;;;;;;;;;;;;;0.608458032
;;;;;;;;;;;;;;;0.665047927
181;TRUE;0.13924733;mean;0.299;0.296;0.302;TRUE;750;500;200;-1.243;-1.153;-1.125;200m;0.48495524
182;TRUE;-0.00016731;mean;0.726;0.591;0.552;TRUE;225;125;40;0.685;0.539;0.52;3km;0.69790884
183;TRUE;0.061436905;mean;0.278;0.403;0.545;TRUE;100000;10000;500;0.335;0.599;0.285;200m;0.562657871
184;TRUE;-0.064352102;mean;0.543;0.442;0.422;TRUE;1000;750;225;0.367;0.315;0.292;3km;0.653539251
185;TRUE;-0.100108408;mean;0.617;0.74;0.702;TRUE;500;175;50;0.574;0.437;0.379;1km;0.678718508
186;FALSE;;;;;;FALSE;;;;;;; ;0.678501866
;;;;;;;;;;;;;;;0.683500308
187;TRUE;-0.177522406;mean;0.829;0.848;0.827;TRUE;250;225;70;0.732;0.771;0.776;1km;0.736819143
188;TRUE;-0.144227281;mean;0.847;0.821;0.797;TRUE;250;250;80;0.688;0.69;0.682;3km;0.746217742
189;TRUE;0.2690465;mean;0.573;0.591;0.526;TRUE;100;50;10;0.601;0.588;0.548;1km;0.618941627
190;TRUE;0.257016839;median;0.553;0.648;0.673;TRUE;225;125;40;0.538;0.638;0.66;200m;0.611699706
191;TRUE;0.272622276;mean;0.688;0.698;0.694;TRUE;250;125;40;0.627;0.633;0.621;1km;0.626353064
192;TRUE;0.15938182;mean;0.551;0.649;0.667;TRUE;175;125;30;0.474;0.541;0.558;200m;0.496335704
193;FALSE;;;;;;FALSE;;;;;;; ;0.607791127
194;TRUE;0.208005339;mean;0.486;0.618;0.66;TRUE;100;70;20;0.535;0.611;0.633;200m;0.621374491
195;TRUE;0.152082669;median;0.56;0.629;0.631;TRUE;500;225;60;0.536;0.614;0.614;200m;0.634688246
196;TRUE;0.036160347;mean;-2.348;-3.824;-4.126;FALSE;1;1;1;-31.523;-70.292;-86.013;3km;0.40323323
197;TRUE;-0.255989807;mean;0.742;0.781;0.687;TRUE;20;10;1;0.656;0.69;0.601;1km;0.736606226
198;TRUE;-0.213501478;median;0.559;0.647;0.649;TRUE;150;70;20;0.521;0.64;0.646;200m;
199;TRUE;-0.250962322;mean;0.627;0.629;0.614;TRUE;50;30;10;0.64;0.634;0.596;1km;0.680078582
200;TRUE;-0.260627574;mean;0.68;0.734;0.754;TRUE;250;150;40;0.662;0.681;0.679;200m;0.712060132
201;TRUE;0.184979155;mean;0.692;0.776;0.777;TRUE;125;70;20;0.679;0.685;0.65;200m;0.564714821
202;TRUE;0.210775341;mean;0.558;0.686;0.698;TRUE;150;90;30;0.604;0.688;0.681;200m;0.608212817
203;TRUE;0.047224015;mean;0.427;0.555;0.611;TRUE;750;500;125;0.41;0.525;0.59;200m;0.704281405
204;TRUE;0.090454626;mean;0.651;0.659;0.655;TRUE;200;150;40;0.652;0.684;0.709;1km;0.693601291
205;TRUE;0.051064972;mean;0.581;0.679;0.714;TRUE;40;80;30;0.493;0.614;0.684;200m;0.690675377
206;TRUE;-0.085700045;median;0.673;0.719;0.729;TRUE;125;70;20;0.693;0.706;0.703;200m;0.609638475
207;TRUE;-0.001850077;median;0.738;0.773;0.762;TRUE;125;80;20;0.732;0.751;0.756;1km;0.548124684
208;TRUE;-0.150600564;mean;0.311;0.45;0.494;TRUE;200;150;40;0.221;0.389;0.456;200m;
209;TRUE;-0.074686665;mean;0.694;0.71;0.697;TRUE;225;150;50;0.559;0.592;0.594;1km;0.577277694
210;TRUE;0.087892441;mean;0.536;0.54;0.534;TRUE;125;90;30;0.521;0.521;0.502;1km;0.604313069
211;TRUE;-0.236753654;median;0.48;0.598;0.611;TRUE;50;20;10;0.463;0.591;0.537;200m;0.648333833
212;TRUE;-0.252325764;mean;-0.003;-0.008;-0.006;TRUE;80;50;10;-0.307;-0.307;-0.296;3km;0.687992119
213;TRUE;-0.222891555;mean;0.76;0.79;0.706;TRUE;40;20;10;0.693;0.703;0.67;1km;0.65558244
214;TRUE;0.04765872;mean;-1.157;-1.313;-1.324;FALSE;1;1;1;-13.167;-17.93;-18.958;3km;0.651042918
215;TRUE;-0.385663946;mean;0.717;0.74;0.657;TRUE;70;30;10;0.614;0.621;0.594;1km;0.702412109
216;FALSE;;;;;;FALSE;;;;;;; ;0.494751925
217;FALSE;;;;;;FALSE;;;;;;; ;0.663708984
218;FALSE;;;;;;FALSE;;;;;;; ;0.697876286
219;FALSE;;;;;;FALSE;;;;;;; ;0.723312172
220;FALSE;;;;;;FALSE;;;;;;; ;
221;FALSE;;;;;;FALSE;;;;;;; ;
222;FALSE;;;;;;FALSE;;;;;;; ;0.67615067
223;FALSE;;;;;;FALSE;;;;;;; ;0.626279859
224;FALSE;;;;;;FALSE;;;;;;; ;0.645125527
225;FALSE;;;;;;FALSE;;;;;;; ;0.758831734
226;FALSE;;;;;;FALSE;;;;;;; ;0.587202225
227;FALSE;;;;;;FALSE;;;;;;; ;0.749465722
228;FALSE;;;;;;FALSE;;;;;;; ;0.69147901
229;FALSE;;;;;;FALSE;;;;;;; ;
230;FALSE;;;;;;FALSE;;;;;;; ;0.68068129
231;FALSE;;;;;;FALSE;;;;;;; ;0.746786302
232;FALSE;;;;;;FALSE;;;;;;; ;0.550552591
233;FALSE;;;;;;FALSE;;;;;;; ;0.661765147
234;FALSE;;;;;;FALSE;;;;;;; ;0.555239319
235;FALSE;;;;;;FALSE;;;;;;; ;0.623676504
236;FALSE;;;;;;FALSE;;;;;;; ;0.572760407
237;TRUE;-0.03430981;mean;0.559;0.834;0.445;TRUE;10;10;1;0.374;0.697;0.217;1km;0.684684197
238;TRUE;0.139480285;mean;0.797;0.632;0.707;TRUE;20;100;10;0.643;0.492;0.625;3km;0.637989805
239;TRUE;-0.155100756;mean;0.489;0.595;0.458;TRUE;10;10;10;0.45;0.517;0.394;1km;0.668540318
240;TRUE;0.101188796;mean;0.531;0.704;0.7;TRUE;150;225;70;0.474;0.568;0.54;1km;0.53823853
241;TRUE;0.112325735;mean;0.659;0.663;0.662;TRUE;150;125;50;0.655;0.631;0.6;1km;0.63821662
242;TRUE;-0.104521506;mean;0.529;0.587;0.727;TRUE;30;100;10;0.677;0.574;0.718;200m;0.657153249
243;TRUE;0.133439715;mean;0.668;0.685;0.673;TRUE;100;60;20;0.667;0.668;0.629;1km;0.684688593
244;TRUE;0.07685243;mean;0.838;0.863;0.833;TRUE;125;100;30;0.78;0.758;0.708;1km;0.766085591
245;FALSE;;;;;;FALSE;;;;;;; ;
246;TRUE;0.10550323;mean;0.79;0.807;0.739;TRUE;90;100;10;0.633;0.613;0.59;1km;
247;TRUE;0.108062196;mean;0.584;0.775;0.777;TRUE;40;30;10;0.501;0.714;0.714;200m;0.633249105
248;TRUE;0.061240717;mean;0.905;0.904;0.879;TRUE;200;150;50;0.845;0.816;0.761;3km;0.700086362
249;TRUE;-0.023415586;mean;0.678;0.544;0.407;TRUE;1000;750;175;0.291;-0.013;-0.494;3km;0.674754582
250;TRUE;-0.004977795;mean;0.722;0.76;0.819;TRUE;1000;1000;500;0.458;0.589;0.671;200m;0.653229476
251;TRUE;-0.135959214;mean;0.267;0.323;0.355;TRUE;125;70;20;0.373;0.433;0.447;200m;0.572561684
252;TRUE;-0.289890689;mean;0.475;0.453;0.484;TRUE;250;150;50;0.54;0.539;0.561;200m;0.575717471
253;TRUE;-0.230799005;mean;0.415;0.422;0.438;TRUE;150;100;30;0.379;0.393;0.421;200m;0.498613498
254;TRUE;-0.286065087;median;0.426;0.475;0.459;TRUE;125;60;20;0.338;0.353;0.332;1km;0.391766819
255;FALSE;;;;;;FALSE;;;;;;; ;0.318402709
256;TRUE;0.250723531;mean;0.456;0.438;0.463;TRUE;250;200;90;0.381;0.364;0.384;200m;0.358362239
257;TRUE;-0.253309282;median;0.584;0.61;0.611;TRUE;225;150;50;0.486;0.516;0.494;200m;0.266865476
258;TRUE;-0.259807356;median;0.599;0.631;0.61;TRUE;70;50;20;0.49;0.532;0.496;1km;0.275484906
259;TRUE;-0.243674658;mean;0.3;0.365;0.414;TRUE;70;50;10;0.176;0.248;0.255;200m;0.311788102
260;TRUE;-0.25677797;median;0.408;0.392;0.375;TRUE;100;50;20;0.279;0.255;0.224;3km;0.253836756
261;TRUE;0.157151375;median;0.342;0.344;0.349;TRUE;100;50;20;0.081;0.102;0.098;200m;0.362339937
262;TRUE;-0.207806934;median;0.41;0.438;0.409;TRUE;150;100;60;-0.245;-0.185;-0.187;1km;0.46025943
263;TRUE;0.063453446;median;0.281;0.101;0.39;TRUE;200;100;100;-0.503;-0.314;-0.14;200m;0.402021647
264;TRUE;0.16436435;mean;0.596;0.669;0.703;TRUE;500;250;150;0.316;0.482;0.525;200m;0.338912962
265;TRUE;0.415978729;mean;0.639;0.708;0.595;TRUE;125;125;60;0.343;0.49;0.458;1km;0.482784766
266;TRUE;0.418981337;mean;0.621;0.6;0.4;TRUE;125;125;60;0.166;0.156;0.011;3km;0.424613558
267;TRUE;0.313967161;mean;0.519;0.371;-0.011;TRUE;225;175;60;-0.92;-0.776;-0.977;3km;0.384740036
268;TRUE;-0.011537523;median;0.694;0.737;0.759;TRUE;250;150;30;0.594;0.643;0.642;200m;
269;TRUE;0.094675915;mean;0.409;0.251;-0.202;TRUE;250;200;80;-0.162;-0.187;-1.142;3km;0.202752436
270;TRUE;0.190382814;median;0.368;0.612;0.627;TRUE;175;175;60;0.148;0.481;0.502;200m;0.365973838
271;TRUE;0.206469909;mean;0.572;0.292;0.716;TRUE;1000;100;500;0.606;0.31;0.537;200m;0.635868824
272;TRUE;0.057404357;mean;0.673;0.695;0.709;TRUE;1000;100;750;0.67;0.693;0.723;200m;0.655574593
273;TRUE;0.115426481;mean;0.677;0.703;0.702;TRUE;250;500;250;0.621;0.637;0.643;1km;0.643136148
274;TRUE;-0.029771387;mean;0.648;0.714;0.772;TRUE;1;1;1;0.488;0.543;0.585;200m;0.626022656
275;TRUE;0.131969233;mean;0.547;0.547;0.574;TRUE;100;100;40;0.496;0.518;0.574;200m;0.604446973
276;TRUE;0.097816926;mean;-11.845;-12.454;-13.08;FALSE;1;1;1;-242.242;-312.404;-181.325;3km;0.471359882
277;TRUE;0.21726074;median;0.485;0.529;0.575;TRUE;200;125;40;0.426;0.476;0.528;200m;0.524821424
278;TRUE;0.170618844;mean;0.505;0.552;0.563;TRUE;175;90;20;0.463;0.524;0.563;200m;0.616346932
279;FALSE;;;;;;FALSE;;;;;;; ;0.491234041
;;;;;;;;;;;;;;;0.531992256
280;TRUE;0.221477575;mean;0.726;0.673;0.678;TRUE;100;40;10;0.627;0.598;0.585;3km;0.555791135
281;TRUE;0.223299907;median;0.62;0.471;0.729;TRUE;70;100;10;0.556;0.488;0.64;200m;0.510649022
282;TRUE;0.025310955;mean;0.04;0.237;0.124;TRUE;100;70;100;-0.357;-0.14;0;1km;
283;FALSE;;;;;;FALSE;;;;;;; ;
284;TRUE;-0.099772405;mean;0.34;0.266;0.124;TRUE;175;125;1;-0.225;-0.561;-0.299;3km;0.06097463
285;TRUE;-0.114289755;mean;0.591;0.579;0.364;TRUE;250;150;20;0.236;0.184;-0.348;3km;0.376034584
286;TRUE;-0.127051077;mean;0.441;0.312;0.25;TRUE;225;100;30;0.355;0.331;0.286;3km;
287;TRUE;-0.517021204;median;-0.452;-0.745;-0.561;TRUE;200;50;20;-10.864;-17.182;-13.126;3km;
288;TRUE;-0.065974598;mean;0.144;0.104;0.168;TRUE;250;50;20;-1.13;-3.072;-2.542;200m;0.038690859
289;TRUE;0.422349674;mean;0.25;0.276;0.287;FALSE;10;1;1;0.001;0.026;0.036;200m;0.385537974
290;TRUE;-0.39498361;mean;0.209;0.247;0.241;TRUE;175;80;30;0.082;0.1;0.095;1km;0.43224731
291;TRUE;-0.145535126;mean;0.576;0.561;0.497;TRUE;200;100;20;0.423;0.357;0.222;3km;0.197643667
292;TRUE;-0.24511408;mean;0.327;0.315;0.273;TRUE;60;40;10;0.416;0.41;0.401;3km;0.441477911
293;TRUE;-0.16773381;mean;0.329;0.277;0.308;TRUE;90;30;10;0.314;0.364;0.372;3km;0.412783801
294;TRUE;-0.108557967;mean;0.537;0.576;0.56;TRUE;1;1;1;0.437;0.464;0.473;1km;0.464026143
295;TRUE;-0.201764683;mean;0.388;0.59;0.584;TRUE;1000;1000;500;0.446;0.559;0.534;1km;0.476833604
296;TRUE;-0.009365267;mean;0.403;0.631;0.4;TRUE;1000;1000;150;0.399;0.644;0.335;1km;0.678312216
297;TRUE;-0.155563586;mean;-0.213;0.079;0.525;TRUE;1000;1000;750;-0.947;-0.409;0.287;200m;0.513415973
298;FALSE;;;;;;FALSE;;;;;;; ;0.493574293
299;TRUE;-0.088874516;mean;0.032;0.06;0.549;TRUE;1000;1000;1000;-1.223;-1.105;-0.086;200m;0.499320398
300;TRUE;-0.165664379;mean;0.598;0.662;0.682;TRUE;1000;1000;1000;0.393;0.437;0.522;200m;0.547560542
301;TRUE;-0.0950522;mean;0.749;0.816;0.729;TRUE;1000;1000;200;0.638;0.658;0.524;1km;0.661206535
302;TRUE;0.059179083;mean;0.456;0.277;0.483;TRUE;1000;1000;1000;0.183;-0.231;0.043;200m;0.685271816
303;TRUE;-0.122357959;mean;0.706;0.776;0.811;TRUE;90;250;70;0.548;0.57;0.607;200m;0.587915863
304;TRUE;-0.174774947;mean;0.532;0.601;0.628;TRUE;1;1;40;0.417;0.492;0.507;200m;0.571010882
305;TRUE;-0.175394104;mean;0.723;0.78;0.826;TRUE;1;1;50;0.625;0.656;0.707;200m;0.59869647
306;TRUE;-0.225161508;mean;0.777;0.807;0.805;TRUE;1;1;1;0.671;0.686;0.7;1km;0.681916822
307;TRUE;-0.12308765;mean;0.584;0.64;0.71;TRUE;1;1;1;0.584;0.611;0.677;200m;0.588830917
308;TRUE;-0.171009575;mean;0.616;0.727;0.801;TRUE;1;1;1;0.474;0.568;0.638;200m;0.608005937
309;TRUE;-0.176002462;mean;0.528;0.555;0.6;TRUE;1;1;1;0.526;0.555;0.613;200m;0.316788664
310;TRUE;-0.216412019;mean;0.421;0.479;0.577;TRUE;1;1;1;0.391;0.425;0.529;200m;0.685286499
311;TRUE;-0.192756974;mean;0.529;0.642;0.724;TRUE;1;1;1;0.386;0.482;0.558;200m;0.699355533
312;TRUE;-0.154762554;mean;0.667;0.763;0.825;TRUE;1;1;1;0.531;0.595;0.658;200m;0.623636828
313;TRUE;0.026203117;mean;0.8;0.801;0.861;TRUE;1000;1000;1000;0.713;0.684;0.723;200m;0.663103374
314;TRUE;-0.100110539;mean;0.65;0.639;0.742;TRUE;1000;1000;500;0.591;0.601;0.627;200m;0.648878058
315;TRUE;-0.057875964;mean;0.843;0.815;0.817;TRUE;1;750;1000;0.716;0.649;0.634;3km;0.681484674
316;TRUE;-0.07909777;mean;0.723;0.647;0.65;TRUE;1;1000;500;0.458;0.234;0.197;3km;0.642412779
317;TRUE;-0.048905204;mean;0.563;0.689;0.411;TRUE;10000;1000;10000;0.48;0.518;0.442;1km;0.710870926
318;TRUE;-0.098669523;mean;0.686;0.703;0.679;TRUE;1;1;125;0.567;0.526;0.47;1km;0.602598615
319;TRUE;-0.130843383;mean;0.264;0.367;0.5;TRUE;1;1;1;0.241;0.233;0.299;200m;0.578005187
320;TRUE;-0.153862465;mean;0.541;0.671;0.756;TRUE;1;1;1;0.507;0.623;0.691;200m;0.710934411
321;TRUE;-0.127584761;mean;0.535;0.661;0.717;TRUE;1;1;1;0.456;0.513;0.547;200m;0.691285414
322;TRUE;-0.152291985;mean;0.539;0.621;0.721;TRUE;1;1;1;0.494;0.534;0.629;200m;0.6554107
323;TRUE;0.326858213;mean;-0.723;-0.93;-1.322;FALSE;250;175;50;-4.053;-5.178;-7.074;3km;0.225328765
324;TRUE;0.654254145;median;0.749;0.801;0.857;TRUE;50;30;10;0.625;0.725;0.778;200m;0.242644318
325;TRUE;0.011963269;mean;-0.442;-0.032;-0.248;FALSE;100;50;80;-0.057;0.001;-0.104;1km;
326;TRUE;-0.237294774;mean;0.674;0.786;0.696;TRUE;10;1000;1;0.642;0.697;0.624;1km;0.159338467
327;FALSE;;;;;;FALSE;;;;;;; ;0.13958583
328;TRUE;0.706897835;mean;0.615;0.681;0.442;FALSE;30;20;1;0.427;0.499;0.045;1km;0.090053213
329;TRUE;0.519244177;mean;0.794;0.807;0.68;TRUE;20;10;1;0.596;0.624;0.549;1km;0.183318067
330;FALSE;;;;;;FALSE;;;;;;; ;0.136625552
331;TRUE;0.48161054;mean;0.786;0.794;0.818;TRUE;200;100;20;0.648;0.654;0.698;200m;0.124249413
332;TRUE;0.377540006;mean;0.631;0.611;0.677;TRUE;80;60;1;0.527;0.535;0.627;200m;0.336130299
333;TRUE;-0.180380765;median;-0.07;0.53;0.569;TRUE;100;1000;10000;-0.372;0.492;0.564;200m;0.416026629
334;TRUE;0.343765618;median;0.335;0.463;0.443;TRUE;80;50;1;0.278;0.395;0.435;1km;0.359934244
335;TRUE;-0.187896249;mean;-0.15;-0.286;-0.321;TRUE;1;1;1;-4.184;-7.46;-7.853;3km;-0.073509629
336;TRUE;-0.2395457;mean;0.357;0.325;0.517;TRUE;30;10;10;-0.292;-1.021;-0.332;200m;0.133388559
337;TRUE;-0.376959195;median;-0.13;0.044;0.137;TRUE;1;20;10;-3.843;-3.203;-2.593;200m;-0.091454769
338;FALSE;;;;;;FALSE;;;;;;; ;0.010713317
339;TRUE;-0.378656257;mean;0.179;0.169;-0.437;TRUE;1;1;10000;-0.724;-1.171;-0.012;3km;-0.070949361
340;TRUE;-0.345324109;mean;0.139;0.116;0.093;TRUE;1;1;1;-1.126;-1.519;-1.792;3km;-0.026420772
341;TRUE;-0.443842755;mean;-0.122;-0.219;0.004;TRUE;1;1;100;-5.211;-6.561;-1.228;200m;0.108861414
342;FALSE;;;;;;FALSE;;;;;;; ;0.160672992
343;FALSE;;;;;;FALSE;;;;;;; ;0.304556947
344;TRUE;0.005779353;mean;0.252;0.286;0.256;TRUE;20;10;10;0.253;0.395;0.276;1km;0.281121397
345;TRUE;-0.054014021;mean;0.347;0.305;0.203;TRUE;60;50;1;0.447;0.394;0.162;3km;0.15398736
346;FALSE;;;;;;FALSE;;;;;;; ;
347;TRUE;0.185491941;mean;0.554;0.611;0.353;TRUE;225;225;250;0.164;0.296;0.029;1km;-0.025970316
348;TRUE;0.133288833;mean;0.198;0.159;0.012;TRUE;250;250;250;-0.599;-0.704;-0.938;3km;0.24444537
349;TRUE;-0.061788149;mean;-0.081;-0.3;-0.036;TRUE;10000;1000;10000;0.378;-1.39;0.163;200m;-0.050099695
350;FALSE;;;;;;FALSE;;;;;;; ;-0.368783982
351;FALSE;;;;;;FALSE;;;;;;; ;0.267011519
352;FALSE;;;;;;FALSE;;;;;;; ;0.061365554
353;TRUE;0.111317497;mean;0.547;0.53;0.596;TRUE;175;200;80;-0.074;0.299;0.223;200m;0.134670024
354;FALSE;;;;;;FALSE;;;;;;; ;0.311918562
355;FALSE;;;;;;FALSE;;;;;;; ;0.257920504
356;TRUE;0.179163233;mean;-0.738;-0.688;-0.612;FALSE;90;70;30;-16.332;-15.976;-14.988;200m;0.278706882
357;TRUE;-0.352647251;mean;0.488;0.457;0.313;TRUE;100;90;40;0.449;0.395;0.261;3km;0.04228034
358;FALSE;;;;;;FALSE;;;;;;; ;0.071039348
359;TRUE;-0.495674869;mean;0.303;0.183;0.082;TRUE;1;1;1;-1.323;-2.285;-3.205;3km;0.210128558
360;TRUE;-0.113270502;mean;-0.156;-0.401;-0.28;FALSE;1;1;80;-1.928;-3.348;-1.584;3km;0.017829244
361;FALSE;;;;;;FALSE;;;;;;; ;-0.031420709
362;TRUE;-0.083450963;mean;-1.064;0.089;-0.078;TRUE;1;1;20;-11.317;-1.643;-1.567;1km;
363;TRUE;-0.1260523;mean;0.3;-0.133;-0.783;TRUE;10000;750;1;0.07;-1.407;-3.211;3km;0.209259842
364;TRUE;-0.270171982;mean;-6.711;-7.908;-15.144;FALSE;10;1;1;-109.355;-238.463;-361.046;3km;0.072328554
365;FALSE;;;;;;FALSE;;;;;;; ;-1.181222617
366;TRUE;0.344349824;median;0.417;0.645;0.662;TRUE;10000;750;250;0.72;0.769;0.83;200m;0.096292106
367;TRUE;0.454709036;mean;0.417;0.503;0.591;TRUE;30;1000;10000;0.498;0.484;0.751;200m;0.133939406
368;FALSE;;;;;;FALSE;;;;;;; ;
369;TRUE;0.003076704;mean;-1.458;-1.333;-0.662;FALSE;150;100;100;-48.191;-41.696;-1.203;200m;-0.77348558
370;TRUE;-0.152724271;mean;0.672;0.514;0.533;TRUE;1;100;200;0.362;0.062;0.255;3km;0.163552167
371;FALSE;;;;;;FALSE;;;;;;; ;0.320858242
372;FALSE;;;;;;FALSE;;;;;;; ;0.62261653
373;TRUE;-0.219605352;mean;-5.096;-6.375;-2.454;FALSE;1;100;100;-31.242;-35.605;-14.424;200m;-1.881972607
374;FALSE;;;;;;FALSE;;;;;;; ;-0.0349757
375;TRUE;-0.143829226;mean;-0.128;-0.428;-0.553;TRUE;1;100;250;-3.315;-5.265;-4.734;3km;0.105822386
376;TRUE;-0.184819656;mean;0.421;0.263;0.206;TRUE;1;100;250;0.162;-0.208;-0.136;3km;0.417393179
377;FALSE;;;;;;FALSE;;;;;;; ;0.303319162
378;TRUE;-0.136866401;mean;0.587;0.495;0.501;TRUE;1;100;250;0.531;0.391;0.4;3km;0.515612428
379;FALSE;;;;;;FALSE;;;;;;; ;0.496265526
380;TRUE;-0.103980689;mean;0.595;0.662;0.684;TRUE;1;100;175;0.484;0.524;0.571;200m;0.351494924
381;TRUE;-0.139030442;mean;0.584;0.64;0.651;TRUE;1;100;70;0.521;0.564;0.585;200m;0.55242855
382;TRUE;-0.091125573;mean;0.705;0.67;0.649;TRUE;1;100;175;0.55;0.424;0.358;3km;0.607908199
383;TRUE;-0.119609158;mean;0.777;0.732;0.685;TRUE;1;100;150;0.661;0.615;0.524;3km;0.468828672
384;FALSE;;;;;;FALSE;;;;;;; ;0.587459476
385;TRUE;-0.156706471;mean;0.275;0.255;0.103;TRUE;1;100;10000;0.337;0.299;0.459;3km;0.658649937
386;TRUE;-0.123635353;mean;0.421;0.356;0.508;TRUE;1;100;150;0.348;0.293;0.414;200m;0.605954027
387;TRUE;-0.157164268;mean;0.679;0.761;0.799;TRUE;1;100;1;0.639;0.697;0.716;200m;0.673416496
388;TRUE;-0.152257813;mean;0.707;0.567;0.654;TRUE;10000;100;10000;0.664;0.159;0.725;3km;0.518954184
389;FALSE;;;;;;FALSE;;;;;;; ;0.742756355
390;FALSE;;;;;;FALSE;;;;;;; ;0.547792139
391;TRUE;-0.174711503;mean;0.564;0.572;0.627;TRUE;1;100;40;0.398;0.347;0.476;200m;
392;FALSE;;;;;;FALSE;;;;;;; ;0.617135812
393;TRUE;-0.086246774;mean;0.683;0.436;0.832;TRUE;10000;100;500;0.627;0.454;0.754;200m;0.606101501
394;TRUE;-0.104632636;mean;0.722;0.726;0.718;TRUE;200;100;30;0.722;0.783;0.791;1km;0.745206856
395;TRUE;-0.106722935;mean;0.609;-0.212;0.435;TRUE;10000;100;10000;0.597;0.214;0.67;3km;0.580726645
396;TRUE;-0.181969274;mean;0.584;0.555;0.474;TRUE;60;100;1;0.489;0.511;0.637;3km;
397;TRUE;-0.079827311;mean;0.686;0.078;0.232;TRUE;10000;100;1;0.519;0.593;0.688;3km;0.667243803
398;TRUE;-0.054424675;mean;0.546;-0.348;0.311;TRUE;10000;100;750;0.509;0.185;0.639;3km;0.562276379
399;FALSE;;;;;;FALSE;;;;;;; ;0.601670045
400;TRUE;-0.083242683;mean;0.563;-0.343;0.437;TRUE;10000;100;10000;0.346;-0.894;0.342;3km;0.496065094
401;TRUE;-0.312711057;mean;0.307;0.416;0.74;TRUE;750;100;1;0.316;-0.623;0.591;200m;0.085152637
402;TRUE;-0.146458956;mean;-14.691;-16.636;-12.922;FALSE;1;100;10;-454.156;-504.133;-455.123;200m;-0.85683693
403;TRUE;-0.172337114;mean;0.653;0.671;0.674;TRUE;1;100;90;0.576;0.615;0.614;200m;0.712753947
404;TRUE;-0.058952204;mean;-2.34;-2.352;-2.455;FALSE;150;100;40;-27.498;-26.076;-23.088;3km;0.387045332
405;TRUE;-0.138702194;mean;-0.628;-0.652;-0.641;FALSE;250;100;70;-8.816;-13.354;-7.963;3km;0.364582465
406;TRUE;-0.176502674;mean;0.473;0.549;0.504;TRUE;500;100;150;0.249;-0.035;0.389;1km;0.676814318
407;TRUE;-0.188595243;mean;0.585;0.583;0.562;TRUE;1;100;1;0.517;0.529;0.526;3km;0.609149339
408;TRUE;-0.145008415;mean;0.142;0.186;0.225;TRUE;750;250;1;0.183;0.231;0.278;200m;0.630074224
409;TRUE;-0.111303857;mean;0.598;0.686;0.747;TRUE;1;100;1;0.619;0.701;0.748;200m;0.635208224
410;TRUE;-0.15957071;mean;-1.061;0.583;0.616;TRUE;1;100;10000;-8.156;0.088;0.628;200m;0.595387706
411;TRUE;-0.171318798;mean;0.628;0.765;0.752;TRUE;1;100;10;0.538;0.552;0.504;1km;0.562461515
412;TRUE;-0.125208608;mean;0.859;0.745;0.897;TRUE;750;100;225;0.734;0.651;0.798;200m;0.684723356
413;TRUE;0.187189203;mean;0.309;0.021;0.413;TRUE;20;100;10;0.206;0.044;0.28;200m;-0.101808093
414;TRUE;-0.385128303;mean;-1.889;-7.638;-3.831;FALSE;1;100;20;-12.364;-2.496;-3.932;3km;-1.046579667
415;TRUE;-0.115567085;mean;0.807;0.791;0.81;TRUE;70;100;50;0.637;0.616;0.686;200m;0.684980187
416;TRUE;-0.145359437;mean;0.763;0.837;0.781;TRUE;150;100;1;0.679;0.718;0.786;1km;0.65483393
417;TRUE;0.015974132;mean;0.622;0.598;0.571;TRUE;1;100;10;0.486;0.438;0.403;3km;0.69323822
418;FALSE;;;;;;FALSE;;;;;;; ;0.589648905
419;TRUE;-0.109887409;mean;0.532;0.506;0.496;TRUE;1;100;20;-0.149;-0.267;-0.295;3km;0.660702724
420;TRUE;-0.15267715;mean;0.781;0.802;0.808;TRUE;1;100;10;0.59;0.589;0.603;200m;0.616035636
421;TRUE;-0.196339411;mean;-1.773;-2.085;-2.846;FALSE;1;100;10000;-7.258;-10.382;-2.901;3km;0.05359775
422;TRUE;;median;-1.143;-1.702;-2.326;FALSE;1;1;1;-26.553;-41.289;-9.227;3km;-0.388087272
423;FALSE;;;;;;FALSE;;;;;;; ;-0.047248796
424;TRUE;-0.172189708;mean;-0.563;-0.793;-0.859;FALSE;1;100;500;0.453;0.204;0.343;3km;-0.289151763
425;TRUE;-0.324696495;median;0.016;-0.066;-0.114;TRUE;1;100;125;0.44;0.322;0.323;3km;-0.084097975
426;TRUE;-0.135720218;mean;0.591;0.547;0.634;TRUE;150;100;30;0.557;0.511;0.608;200m;0.395667252
427;TRUE;-0.120139662;mean;0.827;0.824;0.845;TRUE;200;100;30;0.705;0.745;0.784;200m;0.704432912
428;FALSE;;;;;;FALSE;;;;;;; ;0.52477828
429;TRUE;-0.130540709;mean;0.696;0.776;0.857;TRUE;500;100;60;0.622;0.68;0.757;200m;0.706954449
430;TRUE;-0.171385349;mean;0.493;0.353;0.321;TRUE;1;100;70;0.425;0.044;0.01;3km;0.625606213
431;TRUE;-0.153560642;mean;0.435;0.71;-0.392;TRUE;70;100;1;0.5;0.687;-0.201;1km;0.63997033
432;FALSE;;;;;;FALSE;;;;;;; ;
433;TRUE;-0.213236116;mean;0.542;0.474;0.406;TRUE;1;100;1;0.579;0.51;0.497;3km;0.447313683
434;TRUE;-0.205129909;mean;0.264;0.545;0.424;TRUE;10000;100;500;0.73;0.147;0.432;1km;
435;TRUE;-0.077949044;mean;0.359;0.328;0.25;TRUE;750;100;250;-0.131;-0.918;-0.551;3km;0.315309778
436;TRUE;-0.046693323;mean;0.342;0.122;0.197;TRUE;750;100;225;-1.068;-2.946;-2.04;3km;0.486537374
437;TRUE;-0.177733797;mean;0.26;0.232;0.158;TRUE;1;1;1;0.567;0.599;0.634;3km;0.683217746
438;TRUE;-0.151433523;mean;0.415;0.335;0.306;TRUE;1;100;10;0.563;0.529;0.333;3km;0.645145228
439;TRUE;-0.069240288;mean;0.265;0.2;0.057;TRUE;500;100;70;0.004;-0.902;-0.372;3km;
440;TRUE;;median;-0.564;-0.08;0.139;FALSE;1;1;100;-0.06;0.278;0.166;200m;-0.252101453
441;TRUE;-0.188416773;mean;0.412;0.257;0.34;TRUE;1;100;1;0.42;0.441;0.287;3km;0.424742127
442;TRUE;-0.119489315;mean;-0.036;0.176;0.295;TRUE;10000;100;225;0.024;0.263;0.256;200m;0.455600573
443;TRUE;-0.170974559;mean;-0.231;-0.302;0.349;TRUE;1;100;20;-0.491;-0.591;-0.001;200m;0.342706684
444;TRUE;-0.152399721;mean;-0.047;-0.124;0.308;TRUE;1;100;40;-1.013;-1.28;-0.433;200m;0.315161297
445;TRUE;-0.200591552;mean;-7.716;-8.411;-8.59;FALSE;1;100;40;-15.81;-19.536;-21.666;3km;-0.179921703
446;TRUE;-0.198647104;mean;-5.569;-6.888;-7.341;FALSE;1;100;1;-4.943;-9.802;-13.499;3km;0.135019837
447;TRUE;-0.227273979;mean;-2.674;-3.005;-3.135;FALSE;1;100;10000;-1.613;-2.631;-0.987;3km;-0.166822312
448;TRUE;-0.233553173;mean;-1.103;-1.404;-1.382;FALSE;1;100;750;-0.232;-0.77;-0.328;3km;0.363445371
449;TRUE;;median;0.177;0.271;0.349;FALSE;1;1;1;0.177;0.232;0.327;200m;0.567758223
450;TRUE;-0.21215838;mean;-0.183;-0.085;-0.557;TRUE;1;100;1;-0.511;-0.596;-1.593;1km;0.411509542
451;TRUE;;median;0.109;-0.289;-0.626;FALSE;1;1;1;-0.41;-1.735;-0.338;3km;0.343157513
452;TRUE;;median;-0.329;-0.604;-0.522;FALSE;1;1;1;-0.363;-1.315;-0.22;3km;0.589829924
453;TRUE;-0.201099088;mean;-1.553;-1.925;-2.082;FALSE;1;100;40;-6.34;-8.803;-10.66;3km;0.308544806
454;TRUE;-0.223750216;mean;0.444;0.379;0.43;TRUE;1;100;1;-0.444;-0.839;-0.529;3km;0.517492175
455;TRUE;-0.205722895;mean;0.005;-0.153;-0.134;TRUE;1;1000;500;-1.69;-1.427;-0.879;3km;0.557079708
456;FALSE;;;;;;FALSE;;;;;;; ;0.529660755
457;FALSE;;;;;;FALSE;;;;;;; ;0.397649191
458;FALSE;;;;;;FALSE;;;;;;; ;0.619106283
459;FALSE;;;;;;FALSE;;;;;;; ;
460;TRUE;-0.222801373;mean;-1.043;-0.953;-0.818;FALSE;1;1;1;-25.505;-24.743;-19.728;200m;0.178303759
461;FALSE;;;;;;FALSE;;;;;;; ;0.646572775
462;FALSE;;;;;;FALSE;;;;;;; ;0.325886238
463;FALSE;;;;;;FALSE;;;;;;; ;0.419218699
464;FALSE;;;;;;FALSE;;;;;;; ;0.171928562
465;FALSE;;;;;;FALSE;;;;;;; ;0.486695582
466;FALSE;;;;;;FALSE;;;;;;; ;0.413556513
467;FALSE;;;;;;FALSE;;;;;;; ;-1.18715347
468;FALSE;;;;;;FALSE;;;;;;; ;0.012336509
469;FALSE;;;;;;FALSE;;;;;;; ;0.403358841
470;TRUE;-0.138819851;mean;0.665;0.461;0.514;TRUE;250;100;60;0.227;0.048;0.257;3km;0.32824567
471;TRUE;-0.214288023;mean;-1.997;-2.051;-1.923;FALSE;1;100;10;-0.992;-0.507;-0.989;200m;0.327831751
472;TRUE;-0.171893516;mean;0.678;0.674;0.746;TRUE;250;100;90;0.408;0.293;0.483;200m;0.385842166
473;TRUE;;median;-4.344;-4.234;-4.029;FALSE;1;100;20;-0.217;0.022;0.074;200m;0.045174654
474;TRUE;0.386354663;mean;0.321;0.112;0.442;TRUE;750;100;250;0.213;-0.12;0.422;200m;0.067132892
475;TRUE;0.536002874;mean;0.072;-0.338;0.31;FALSE;1000;100;1;-0.17;-0.308;0.017;200m;0.131038053
476;TRUE;0.403047541;mean;0.224;0.197;0.495;TRUE;500;500;90;-0.014;0.101;0.489;200m;0.093109574
477;TRUE;0.250774044;mean;0.673;0.542;-0.027;TRUE;20;20;1;0.284;-0.045;-0.153;3km;0.189309518
478;TRUE;0.295502866;median;0.07;0.112;0.356;TRUE;10;1000;1000;-0.249;-0.166;0.114;200m;0.156833211
479;TRUE;0.546877517;median;0.164;0.106;0.373;FALSE;10;1000;1000;-0.197;-0.221;0.129;200m;
480;TRUE;-0.188051492;mean;-0.107;-0.164;0.128;TRUE;10;10;1;0.003;-0.027;0.135;200m;0.100275699
481;TRUE;-0.209576572;mean;-2.975;-2.95;-5.4;FALSE;10;1;1;-11.214;-37.731;-74.776;1km;
482;TRUE;-0.620357773;mean;-3.752;-5.186;-8.518;FALSE;20;10;1;-25.658;-45.922;-290.759;3km;0.070026679
483;TRUE;-0.257705939;mean;0.57;0.544;0.599;TRUE;250;150;70;0.387;0.414;0.507;200m;0.068981651
484;TRUE;-0.23166873;median;-5.246;-8.115;-11.77;FALSE;10;1;1;-51.024;-303.459;-487.313;3km;-11.69460304
485;TRUE;-0.396285381;mean;0.328;0.377;0.742;TRUE;250;1000;1000;0.284;0.399;0.603;200m;0.094529126
486;TRUE;-0.436999903;mean;0.47;0.43;0.808;TRUE;1000;1000;1000;0.631;0.53;0.791;200m;0.134148569
487;TRUE;-0.053939369;mean;-2.299;-2.967;-4.52;FALSE;10;1;1;-7.874;-24.817;-39.695;3km;0.093480784
488;TRUE;-0.150262852;mean;-9.466;-11.14;-15.184;FALSE;10;1;1;-66.151;-174.886;-233.808;3km;0.087250947
489;TRUE;0.491694295;mean;0.487;0.339;0.475;FALSE;500;10;30;0.439;0.257;0.417;3km;0.080014938
490;TRUE;0.701061815;mean;0.384;0.418;0.527;FALSE;10;10;1;0.478;0.243;0.611;200m;0.086563106
491;TRUE;0.458232132;mean;0.354;0.415;0.635;TRUE;50;1000;500;0.21;0.172;0.647;200m;0.272411275
492;TRUE;-0.134881022;mean;0.242;0.202;0.441;TRUE;50;30;10;0.258;0.141;0.421;200m;0.220916445
493;TRUE;0.106698916;mean;-0.891;-0.753;-1.751;FALSE;20;30;10;-8.189;-6.935;-13.273;1km;-0.820113805
494;TRUE;-0.276348223;mean;0.377;0.247;0.168;TRUE;10;10;1;0.399;0.207;0.371;3km;0.233938509
495;TRUE;-0.157882075;mean;0.688;0.606;0.667;TRUE;10;10;1;0.623;0.416;0.469;3km;0.142575804
496;TRUE;0.335574932;mean;-8.526;-7.521;-11.711;FALSE;20;30;1;-528.391;-365.067;-76.629;1km;-341.8853928
497;TRUE;0.132869787;mean;-8.138;-8.702;-13.441;FALSE;10;10;1;-190.988;-116.53;-45.327;3km;
498;TRUE;-0.018350191;median;-2.096;-1.787;-2.384;FALSE;30;20;10;-0.126;-0.702;-3.946;1km;-1.114258208
499;TRUE;-0.034898822;median;0.364;-0.444;-0.094;TRUE;500;175;175;-0.176;-0.489;-0.291;3km;-1.552590794
500;TRUE;-0.190555046;mean;0.544;0.255;0.386;TRUE;20;20;10;0.581;-0.716;0.385;3km;0.4107956
501;TRUE;-0.178747204;mean;-0.278;-0.394;-0.39;FALSE;20;750;1000;-0.003;-0.044;-0.025;3km;0.148182181
502;TRUE;-0.171997858;mean;-14.372;-13.722;-15.28;FALSE;1;1;10;-1037.499;-1309.429;-611.261;1km;-1.732776102
503;FALSE;;;;;;FALSE;;;;;;; ;
504;TRUE;-0.123488374;mean;0.429;0.43;0.5;TRUE;10;10;1;0.071;0.165;-0.083;200m;0.243701703
505;TRUE;-0.084952032;mean;-20.399;-16.04;-17.917;FALSE;1;20;10;-158.467;-76.977;-72.754;1km;-0.049438687
506;TRUE;0.098275433;mean;0.203;-0.041;0.269;TRUE;1000;750;250;0.004;-0.463;0.091;200m;
507;TRUE;0.111958134;mean;0.476;0.334;0.501;TRUE;80;70;750;0.128;0.077;0.323;200m;0.370698245
508;TRUE;-0.16350957;mean;0.25;0.414;0.515;TRUE;40;40;20;-1.527;-0.091;-0.161;200m;0.335152471
509;TRUE;-0.134181622;mean;0.272;0.477;0.306;TRUE;1;10;10;-1.489;-0.498;0.363;1km;0.343115796
510;TRUE;-0.015347567;mean;0.505;0.514;0.662;TRUE;30;60;30;-0.364;-0.086;0.218;200m;0.205768664
511;FALSE;;;;;;FALSE;;;;;;; ;0.179659345
512;TRUE;-0.073822696;mean;0.038;-0.199;0.202;TRUE;1;1;20;-3.631;-3.889;-2.053;200m;0.125533948
513;TRUE;-0.1413196;mean;0.475;0.07;0.582;TRUE;10;10;1;0.433;0.132;0.583;200m;0.562227405
514;TRUE;-0.145686649;mean;-0.624;-0.221;-0.639;FALSE;1;20;10;-5.4;-2.636;-1.801;1km;0.557295179
515;TRUE;-0.229279524;mean;-2.379;-2.421;-2.63;FALSE;1;20;10;-0.838;-1.044;-0.257;3km;
516;TRUE;-0.218335749;mean;-0.642;-0.745;-0.989;FALSE;1;10;10;0.271;-0.189;0.301;3km;-0.070422329
517;TRUE;-0.219350156;mean;0.236;0.068;0.408;TRUE;70;70;20;-0.176;-0.315;-0.002;200m;
518;TRUE;-0.187374375;mean;-4.565;-4.168;-6.946;FALSE;1;10;1;-110.222;-62.219;-147.967;1km;
519;TRUE;-0.057834221;mean;-0.665;-0.322;-0.897;FALSE;1000;500;200;-0.599;-0.796;-1.898;1km;
520;TRUE;0.526181893;median;-0.855;0.318;0.208;FALSE;1000;1000;1;-2.191;-0.633;-2.074;1km;
521;TRUE;0.405398019;mean;0.341;-0.052;0.681;TRUE;90;1000;750;0.254;-0.023;0.609;200m;0.087913895
522;TRUE;0.299419859;mean;0.504;0.44;0.455;TRUE;80;90;40;-0.329;0.012;-0.365;3km;
523;TRUE;0.346566342;median;0.592;0.216;0.827;TRUE;1000;500;60;0.212;-0.093;0.717;200m;0.205234183
524;TRUE;0.302091788;median;0.567;0.338;0.695;TRUE;30;1000;1000;0.311;-0.033;0.519;200m;
525;TRUE;0.134940196;mean;-3.192;-3.124;-3.923;FALSE;10;10;1;-153.347;-175.187;-61.794;1km;0.29136068
526;TRUE;0.242101991;mean;-0.176;0.404;0.242;TRUE;1000;1000;1000;-2.145;-0.262;-0.657;1km;
527;TRUE;-0.036390012;mean;-0.742;0.043;-0.516;TRUE;1;1;1;-15.55;-2.478;-6.631;1km;
528;TRUE;-0.06111604;mean;-12.456;-7.248;-12.188;FALSE;1;10;1;-303.272;-15.907;-236.765;1km;
529;TRUE;-0.02684594;mean;-14.962;-14.948;-20.471;FALSE;10;10;1;-4579.783;-3983.911;-1051.707;1km;0.456746774
530;TRUE;-0.128322416;mean;-6.527;-5.137;-8.847;FALSE;1;1;1;-37.125;-27.745;-71.023;1km;
531;TRUE;0.080028817;mean;0.396;0.118;0.13;TRUE;20;10;1;0.068;-0.393;-1.965;3km;
532;TRUE;0.338528301;median;0.23;-2.885;-0.532;FALSE;20;20;1;-1.819;-134.585;-11.381;3km;
533;TRUE;0.515327849;median;0.653;0.442;0.689;TRUE;750;250;125;0.638;0.368;0.664;200m;
534;TRUE;0.192433125;mean;0.461;0.106;0.511;TRUE;30;30;10;0.01;-0.141;0.265;200m;
535;TRUE;0.309379036;median;-21.586;-22.022;-29.528;FALSE;1;1;1;-778.096;-783.544;-696.398;3km;0.308976057
536;TRUE;0.31950919;median;-13.564;0.193;0.411;TRUE;10;1000;1;-273.58;-1.483;0.062;200m;
537;TRUE;0.208496588;median;-976.282;-862.371;-1178.129;FALSE;1;1;1;-1523484.632;-1117854.18;-1250007.932;1km;
538;TRUE;0.220596874;median;-9.356;-10.072;-14.674;FALSE;10;1;1;-149.023;-333.04;-201.237;3km;0.270864243
539;TRUE;0.316348985;median;-0.813;-1.07;-2.592;FALSE;10;10;1;-14.115;-16.222;-26.019;3km;
540;TRUE;-0.556899828;median;-0.385;-0.38;0.502;TRUE;1;1;1;-0.15;-0.146;0.43;200m;
541;TRUE;-0.083808205;mean;0.486;-0.035;0.46;TRUE;20;30;10;0.483;0.083;0.479;3km;
542;TRUE;-0.157677795;mean;-1.739;-0.46;-1.502;FALSE;60;40;10;-9.875;-3.848;-11.959;1km;0.32777032
543;TRUE;-0.116076772;mean;-0.023;-1.342;0.025;TRUE;70;80;20;-1.923;-3.831;-2.045;200m;0.391805016
544;TRUE;0.054843138;mean;0.666;0.144;0.688;TRUE;250;250;70;0.45;-0.791;0.42;200m;0.709373304
545;TRUE;-0.076585618;mean;0.704;-0.605;0.743;TRUE;60;60;10;0.401;-0.486;0.457;200m;0.613667924
546;TRUE;-0.169588336;mean;-13.4;-58.663;-11.003;FALSE;1;40;40;-81.645;-306.266;-22.084;200m;0.111393679
547;TRUE;-0.076945364;mean;0.454;-2.28;0.018;TRUE;10;20;10;-0.099;-4.867;0.472;3km;0.687474485
548;TRUE;-0.093975198;mean;-6.463;-5.849;-6.269;FALSE;1;50;1;-33.204;-19.789;-9.063;1km;0.33682853
549;TRUE;-0.180216676;mean;-348.87;-334.155;-325.918;FALSE;1;50;1;-85752.413;-58318.564;-26721.657;200m;
550;TRUE;;median;-9.954;-11.906;-10.501;FALSE;1;1;1;-158.268;-226.226;-25.931;3km;
551;TRUE;-0.158570231;mean;-19.798;-42.942;-21.105;FALSE;40;30;10;-160.646;-244.558;-161.704;3km;
;;;;;;;;;;;;;;;0.206104781
;;;;;;;;;;;;;;;0.260919834
552;TRUE;-0.165315986;mean;-17.847;-29.995;-20.284;FALSE;30;20;10;-193.126;-232.608;-174.928;3km;
553;TRUE;0.454421786;median;0.698;0.421;0.684;TRUE;10;1000;1000;0.594;-0.8;0.314;3km;0.251924762
554;TRUE;0.483765297;median;0.712;0.754;0.678;TRUE;1000;1;1000;0.378;0.621;0.44;1km;0.30275161
555;TRUE;-0.129599904;mean;-5.077;-4.849;-4.391;FALSE;30;50;20;-12.525;-7.752;-5.206;200m;
556;TRUE;-0.071605148;mean;-15.454;-14.578;-14.284;FALSE;60;30;10;-194.384;-178.971;-175.669;200m;
557;TRUE;-0.169152741;mean;-1.377;-1.433;-1.383;FALSE;1;40;10;-2.312;-1.114;-1.167;3km;0.553170496
558;TRUE;-0.144868871;mean;0.681;0.453;0.023;TRUE;1;20;20;0.593;0.394;0.204;3km;0.574432786
559;TRUE;0.059403776;mean;0.815;0.768;0.733;TRUE;250;175;70;0.632;0.532;0.476;3km;0.611442714
560;TRUE;0.061466186;mean;0.512;0.491;0.491;TRUE;60;40;10;0.242;0.213;0.126;3km;
561;TRUE;0.060570998;mean;0.835;0.459;0.428;TRUE;70;30;10;0.728;0.163;0.107;3km;0.538030011
562;TRUE;0.081390849;mean;0.327;0.194;0.165;TRUE;100;60;20;-0.215;-0.342;-0.23;3km;0.736486254
563;TRUE;0.020441396;mean;0.378;0.395;0.433;TRUE;40;20;10;-0.627;-0.603;-0.225;200m;0.720929799
564;TRUE;0.169802112;mean;-14.987;-18.254;-19.021;FALSE;1;60;1;-670.613;-861.639;-636.394;3km;0.796421064
565;TRUE;0.185248665;mean;0.824;0.798;0.722;TRUE;750;500;125;0.796;0.777;0.69;3km;0.761185659
566;TRUE;0.162791259;mean;0.893;0.874;0.869;TRUE;100;60;20;0.827;0.777;0.756;3km;0.700693678
567;TRUE;0.113346708;mean;0.663;0.612;0.605;TRUE;50;30;10;0.334;0.224;0.253;3km;0.781251028
568;TRUE;0.168230359;mean;0.846;0.827;0.77;TRUE;250;175;50;0.797;0.738;0.681;3km;0.734337237
569;TRUE;0.267894439;mean;0.803;0.752;0.745;TRUE;250;175;60;0.665;0.651;0.628;3km;0.604767999
570;TRUE;0.315994791;median;0.816;0.82;0.831;TRUE;60;30;10;0.642;0.632;0.664;200m;0.623486011
571;TRUE;0.269813275;median;0.638;0.651;0.729;TRUE;750;1000;1000;0.366;0.342;0.481;200m;0.374013899
572;TRUE;0.21081293;mean;0.013;0.049;0.044;FALSE;60;40;10;-1.54;-1.189;-1.408;1km;0.664566961
573;TRUE;0.191749717;mean;0.808;0.814;0.805;TRUE;500;250;100;0.796;0.792;0.763;1km;0.825201932
574;TRUE;0.229333416;mean;0.747;0.738;0.723;TRUE;150;70;20;0.769;0.748;0.718;3km;0.768822048
575;TRUE;0.255964688;mean;0.914;0.895;0.878;TRUE;250;150;40;0.848;0.817;0.787;3km;
576;TRUE;0.225974947;mean;0.887;0.866;0.872;TRUE;70;30;10;0.819;0.749;0.757;3km;
577;TRUE;0.330199808;mean;0.855;0.854;0.852;TRUE;500;250;80;0.819;0.82;0.805;3km;0.808703128
578;TRUE;0.212319077;mean;0.531;0.704;0.712;TRUE;60;30;10;0.519;0.692;0.689;200m;0.66119622
579;TRUE;0.277965615;mean;0.726;0.744;0.743;TRUE;500;225;50;0.768;0.8;0.807;1km;0.829434907
580;TRUE;0.183393279;mean;0.853;0.845;0.755;TRUE;30;10;1;0.859;0.864;0.62;3km;
581;TRUE;0.096291701;mean;0.752;0.819;0.755;TRUE;40;20;1;0.733;0.767;0.595;1km;
582;TRUE;0.193284292;mean;0.838;0.891;0.803;TRUE;30;10;1;0.819;0.82;0.677;1km;0.659955232
583;TRUE;0.207376377;median;-0.931;-0.912;-0.898;FALSE;20;10;1;-13.004;-10.252;-14.512;200m;
584;TRUE;-0.013941731;mean;0.813;0.84;0.673;TRUE;20;10;1;0.653;0.7;0.577;1km;
585;TRUE;0.036970867;mean;0.565;0.575;0.659;TRUE;10;1000;1000;0.567;0.427;0.591;200m;
586;TRUE;0.121268957;mean;0.858;0.521;0.082;TRUE;175;125;20;0.754;0.353;-1.078;3km;
587;TRUE;-0.021074365;mean;0.754;0.672;0.677;TRUE;10;10;1;0.653;0.655;0.475;3km;0.462970573
588;TRUE;-0.071326826;mean;0.742;0.725;0.648;TRUE;20;10;1;0.535;0.636;0.324;3km;0.292218093
589;TRUE;0.091786316;mean;0.773;0.713;0.59;TRUE;40;20;10;0.696;0.714;0.667;3km;
590;TRUE;0.129833553;mean;0.605;0.718;0.829;TRUE;10;1000;1000;0.519;0.504;0.668;200m;0.559951974
591;TRUE;0.179788017;mean;0.669;0.714;0.786;TRUE;10;1000;1000;0.596;0.508;0.635;200m;0.622699299
592;TRUE;0.059233212;mean;0.341;0.335;0.27;TRUE;10;10;1;0.236;0.253;0.111;3km;
593;TRUE;0.32753122;mean;0.465;0.654;0.73;TRUE;40;30;10;0.231;0.578;0.673;200m;0.717001928
594;TRUE;-0.004453066;mean;0.657;0.784;0.716;TRUE;10;1;1;0.64;0.784;0.728;1km;0.664743529
595;TRUE;0.021284192;mean;0.758;0.777;0.596;TRUE;10;1;1;0.706;0.634;0.407;1km;0.627630769
596;TRUE;0.097977238;mean;0.778;0.773;0.78;TRUE;20;10;1000;0.686;0.695;0.604;200m;0.614240543
597;TRUE;0.212937844;mean;0.75;0.825;0.727;TRUE;20;20;10;0.814;0.826;0.772;1km;0.867433018
598;TRUE;0.074394334;mean;0.574;0.741;0.68;TRUE;30;10;10;0.538;0.723;0.642;1km;
599;TRUE;-0.075449804;mean;-4.968;-7.407;-7.901;FALSE;1;1;1;-50.9;-93.086;-53.271;3km;
600;TRUE;0.120074699;mean;0.71;0.754;0.712;TRUE;10;10;1;0.754;0.73;0.766;1km;
601;TRUE;0.537788942;median;0.533;0.736;0.755;TRUE;20;10;1;0.18;0.506;0.531;200m;
602;TRUE;0.143614326;median;0.468;0.652;0.787;TRUE;10;10;1;0.203;0.453;0.666;200m;
603;TRUE;0.080285401;median;0.8;0.576;0.76;TRUE;10;1;1000;0.652;0.547;0.663;3km;
604;TRUE;0.127595124;median;0.785;0.843;0.779;TRUE;10;10;1;0.65;0.75;0.547;1km;0.470326966
605;FALSE;;;;;;FALSE;;;;;;; ;0.198789695
606;TRUE;-0.31990023;mean;0.359;0.465;0.401;TRUE;20;10;10;0.022;-0.098;0.179;1km;0.036573004
607;FALSE;;;;;;FALSE;;;;;;; ;0.165624093
608;TRUE;0.558806598;mean;0.166;0.335;0.487;FALSE;60;30;10;0.166;0.322;0.533;200m;0.083008779
609;TRUE;0.584981758;median;0.381;0.415;0.433;FALSE;30;20;10;-0.56;-0.28;0.22;200m;0.088494593
610;TRUE;0.585800362;mean;-10.994;-11.703;-16.099;FALSE;1;1;1;-1751.497;-1704.295;-1018.591;3km;0.015076761
611;TRUE;0.400477454;median;0.308;0.604;0.546;TRUE;1000;1000;225;0.256;0.6;0.656;1km;
612;FALSE;;;;;;FALSE;;;;;;; ;0.279848262
613;TRUE;0.349556946;median;0.556;0.594;0.598;TRUE;1000;1000;1000;0.492;0.471;0.466;200m;0.306381256
614;TRUE;0.591192245;median;0.706;0.715;0.713;TRUE;1000;750;250;0.593;0.568;0.569;1km;0.293318004
615;TRUE;0.400511034;mean;0.511;0.607;0.725;TRUE;10;150;1;0.395;0.137;0.517;200m;0.059883409
616;TRUE;0.536653175;mean;0.82;0.825;0.794;TRUE;40;1000;1;0.634;0.652;0.669;1km;0.096919685
617;TRUE;0.359474984;median;0.766;0.7;0.68;TRUE;20;10;1;0.566;0.66;0.381;3km;0.249454976
618;TRUE;0.028368393;mean;0.759;0.738;0.83;TRUE;1;1000;1000;0.789;0.756;0.818;200m;0.154539878
619;TRUE;-0.22600478;mean;0.678;0.72;0.706;TRUE;1000;500;150;0.682;0.701;0.733;1km;0.087988785
620;TRUE;0.634649174;mean;-11.732;-12.69;-14.627;FALSE;40;10;1;-394.079;-498.363;-468.112;3km;0.118335337
621;TRUE;0.636162314;median;0.781;0.848;0.864;TRUE;250;150;30;0.717;0.759;0.789;200m;0.213824141
622;TRUE;0.470194945;mean;0.423;0.464;0.403;FALSE;80;70;40;0.04;-0.435;-0.595;1km;
623;TRUE;0.381118804;mean;0.431;0.386;0.382;TRUE;20;20;10;-0.102;-0.03;0.196;3km;0.469835801
624;TRUE;0.505466387;mean;0.8;0.803;0.795;TRUE;250;150;30;0.724;0.708;0.721;1km;0.224636297
625;TRUE;-0.018969912;mean;0.582;0.753;0.829;TRUE;500;250;1000;0.593;0.667;0.733;200m;0.130636329
626;TRUE;0.462466231;mean;0.602;0.645;0.75;TRUE;20;10;500;0.332;0.415;0.51;200m;0.228878005
627;FALSE;;;;;;FALSE;;;;;;; ;0.160087106
628;FALSE;;;;;;FALSE;;;;;;; ;0.234476615
629;TRUE;0.495279941;mean;0.586;0.598;0.6;TRUE;1000;1000;1000;0.528;0.531;0.538;200m;0.239804206
630;TRUE;0.491169863;median;0.217;0.128;0.144;FALSE;10;10;1;-1.297;-0.749;-1.786;3km;0.40882068
631;FALSE;;;;;;FALSE;;;;;;; ;0.332734484
632;TRUE;0.516524675;median;0.616;0.623;0.611;TRUE;1000;750;1000;0.487;0.494;0.465;1km;0.297917821
633;TRUE;0.365576935;mean;0.657;0.688;0.715;TRUE;60;30;10;0.578;0.598;0.641;200m;0.448106434
634;TRUE;0.069353917;mean;0.184;0.024;0.013;TRUE;100;40;10;-1.977;-2.766;-2.825;3km;
635;TRUE;0.324423332;mean;-0.999;-1.067;-1.153;FALSE;100;50;20;-13.439;-14.426;-12.768;3km;0.334078625
636;TRUE;0.275473609;mean;0.879;0.881;0.8;TRUE;30;10;10;0.804;0.801;0.745;1km;0.565139825
637;TRUE;0.120753162;mean;-6.946;-7.049;-7.479;FALSE;1;1;1;-130.249;-132.703;-117.392;3km;0.709464736
638;TRUE;0.173081409;mean;-12.674;-12.872;-13.611;FALSE;1;1;1;-522.871;-534.456;-477.256;3km;
639;TRUE;0.119099579;mean;-4.828;-4.912;-5.242;FALSE;1;1;1;-97.412;-99.463;-87.87;3km;0.777554367
640;TRUE;0.177790536;mean;-2.476;-2.44;-2.643;FALSE;1;1;1;-36.968;-35.94;-31.391;1km;0.784877149
641;TRUE;0.230433371;mean;-2.571;-3.08;-3.172;FALSE;10;1;1;-33.469;-58.683;-49.94;3km;0.761612164
642;TRUE;0.214224651;mean;0.684;0.656;0.613;TRUE;30;20;10;0.603;0.595;0.675;3km;0.768805428
643;TRUE;0.35530185;mean;0.372;0.34;0.285;TRUE;125;100;20;0.407;0.254;0.09;3km;
644;TRUE;0.16626609;mean;-5.493;-6.423;-6.866;FALSE;1;1;1;-103.532;-132.077;-118.51;3km;0.592382482
645;TRUE;0.296046656;mean;0.539;0.46;0.396;TRUE;1000;500;150;0.343;0.166;-0.009;3km;
646;TRUE;0.210171296;mean;0.781;0.816;0.752;TRUE;20;10;10;0.762;0.758;0.714;1km;0.74881422
647;TRUE;0.262307267;mean;0.895;0.851;0.777;TRUE;40;20;10;0.831;0.778;0.781;3km;0.720130736
648;TRUE;0.209802176;mean;0.809;0.825;0.67;TRUE;30;10;10;0.802;0.816;0.687;1km;0.784387594
649;TRUE;0.275302723;mean;0.889;0.681;0.65;TRUE;70;30;10;0.809;0.539;0.461;3km;0.7876261
650;TRUE;-0.29298786;mean;0.814;0.759;0.759;TRUE;30;20;10;0.752;0.714;0.725;3km;0.572124173
651;TRUE;0.31254922;mean;0.89;0.873;0.892;TRUE;100;50;10;0.808;0.805;0.793;200m;
652;TRUE;0.289341012;mean;0.74;0.708;0.688;TRUE;30;10;10;0.687;0.667;0.615;3km;0.763941137
653;TRUE;0.340008167;mean;0.822;0.803;0.768;TRUE;250;150;100;0.798;0.796;0.806;3km;
654;TRUE;0.277294656;mean;-11.267;-14.805;-15.072;FALSE;1;10;1;-554.553;-809.353;-983.967;3km;0.819896538
655;TRUE;0.288349176;mean;0.681;0.79;0.801;TRUE;100;175;50;0.762;0.77;0.762;200m;0.80938392
656;TRUE;0.18977577;mean;-3.049;-2.945;-3.367;FALSE;20;10;1;-28.429;-27.625;-38.734;1km;
657;TRUE;0.326504068;mean;0.781;0.814;0.793;TRUE;500;200;100;0.82;0.808;0.795;1km;
658;TRUE;0.159204668;mean;0.515;0.363;0.238;TRUE;100;20;10;0.786;0.207;0.409;3km;
659;TRUE;0.22258397;mean;0.809;0.765;0.656;TRUE;90;60;20;0.737;0.722;0.667;3km;
660;TRUE;0.255890842;mean;0.875;0.817;0.786;TRUE;30;10;10;0.831;0.763;0.782;3km;0.735653187
661;TRUE;0.198700436;mean;0.915;0.894;0.893;TRUE;125;60;20;0.864;0.834;0.815;3km;
662;TRUE;0.110018095;mean;-141.414;-140.744;-165.191;FALSE;10;1;100;-24699.178;-36426.946;-15840.829;1km;
663;FALSE;;;;;;FALSE;;;;;;; ;
